10689,0.9979014659635039
10690,0.9960560014660166
10691,0.9658737833417992
10692,0.982933055908164
10693,0.9623586760697969
10694,0.9689650926499064
10695,0.0009974178255514091
10696,0.0007825484965563356
10697,0.0037771138609708015
10698,0.0013595757239346063
10699,0.001464532073389959
10700,0.002341056348092534
10701,0.002636456930896891
10702,0.001459830796987058
10703,0.000800313507452318
10704,0.9923676607852631
10705,0.9947816179791591
10706,0.0026455412969922285
10707,0.0030419430625924174
10708,0.0006498064294327303
10709,0.9960761049382284
10710,0.0032331817731263697
10711,0.006139384223652221
10712,0.9920185212133527
10713,0.001861772220914587
10714,0.00034660779021641007
10715,0.0019191562984072403
10716,0.9710233996204457
10717,0.00418955109360983
10718,0.9788732531087789
10719,0.9795359561262282
10720,9.927520285325389e-05
10721,0.008580296376503775
10722,0.9906657853275771
10723,0.014929304302886316
10724,0.9944571046033053
10725,0.01732301152953281
10726,0.001915224876442563
10727,0.00026869846172889855
10728,0.02270312257013566
10729,0.9837939864899695
10730,0.1882447773560582
10731,6.327081644463034e-05
10732,0.0013342473472198943
10733,0.0013342473472198943
10734,0.0017506734947745797
10735,0.9788745644926328
10736,0.9913240652038974
10737,0.9960049263429236
10738,0.9810255711237542
10739,0.009655032444796855
10740,0.0002515226600038541
10741,0.9857071659367554
10742,0.9716739829098512
10743,0.9891663181124011
10744,0.8345070856801816
10745,0.8345070856801816
10746,0.8230885685109318
10747,0.8230885685109318
10748,0.994585855984494
10749,0.9974525622810055
10750,0.0016762551882054642
10751,0.02605181489273992
10752,0.02605181489273992
10753,0.02242543052308425
10754,0.9919564888228329
10755,0.9933521065912628
10756,0.9811994824999933
10757,0.002761162516611059
10758,0.023017658816410113
10759,0.00018310558430555994
10760,0.00032285870487585254
10761,0.9888021958736801
10762,0.9762909992100921
10763,0.9691225598904191
10764,0.9936253406895117
10765,0.0005248005130596221
10766,0.06755135197814882
10767,0.9981050924522424
10768,0.988019003750416
10769,0.0004615764596093006
10770,6.324022767772358e-05
10771,0.00022661416830232445
10772,0.9940502247631675
10773,0.007542155629499607
10774,0.8704673048753493
10775,0.854062192900666
10776,0.9328574069391645
10777,0.011944448652451941
10778,0.9865049788414777
10779,0.9728879562097652
10780,0.8688547973855286
10781,0.9773105773253101
10782,0.005228135185904449
10783,0.0027433006686249785
10784,0.9769126896756272
10785,0.9944508682204669
10786,3.899647511411739e-05
10787,0.9946256123698997
10788,0.9758227447049008
10789,0.0003988915277449252
10790,0.9564615942474616
10791,0.9915828442031521
10792,0.9955355474010013
10793,0.9967613035242756
10794,0.9967613035242756
10795,0.9891067894962627
10796,0.9835186365312286
10797,0.001308755000119478
10798,0.0014717658512072881
10799,0.9139925837179999
10800,0.0006670374189280166
10801,0.01658596321154224
10802,0.0002745758804961379
10803,0.00013346836613412516
10804,0.9989794221892123
10805,8.086458052188203e-05
10806,0.9978234737749347
10807,0.0024373337365697282
10808,0.9919807764889021
10809,0.948551730044586
10810,2.411906677024132e-05
10811,9.165365059412459e-05
10812,0.9975341249112644
10813,1.764675877714709e-05
10814,1.0048760985189725e-05
10815,0.99287044611705
10816,0.0014371485627921157
10817,0.891131322469805
10818,0.9918297524313211
10819,0.0001928450672235815
10820,0.9899066655892066
10821,0.0009600958423371009
10822,2.270175769851221e-05
10823,0.9898898684919487
10824,6.77340161510228e-05
10825,0.002095673006789323
10826,0.003524540947921922
10827,0.9964559162277029
10828,0.9952629261401733
10829,0.008111417823809761
10830,0.0018437170269235826
10831,0.9788515223276472
10832,0.9974048571085281
10833,0.014809884919195918
10834,0.00024399326396034514
10835,0.0017560558110049874
10836,0.9977241860128827
10837,0.0716161581110858
10838,0.004380089872347061
10839,0.00026961654738658536
10840,0.9271785997568734
10841,0.0011174011674394747
10842,0.00033803371529029396
10843,0.0002974462688821658
10844,0.9756599727791343
10845,0.9979795878311685
10846,0.9927567379942033
10847,0.9851102839704892
10848,0.00028241476903748477
10849,0.9827448343980829
10850,0.9833325642826065
10851,0.0004232411031550252
10852,0.9638203360112646
10853,0.9507214757205802
10854,0.9704525642170159
10855,0.9966712428381793
10856,0.9805335450199537
10857,0.0028710334699285677
10858,0.9936559790564764
10859,0.00044785017222915836
10860,0.0016538020964370667
10861,0.00012783423332787634
10862,0.0005340040661377188
10863,0.0004282458646885716
10864,0.9923456089494964
10865,0.9623349763156346
10866,2.7837625228409066e-05
10867,4.363657728662649e-05
10868,0.008083790500948162
10869,0.00016716394800787946
10870,0.004407888047680042
10871,0.9970830696194183
10872,6.561097019958475e-05
10873,0.002326431628501554
10874,0.9983515695974662
10875,0.9976729550070879
10876,0.23326394502933795
10877,0.9641322965027209
10878,0.9949266371585197
10879,0.00021829239905178855
10880,0.00020229568335166555
10881,0.9765981271692339
10882,0.9902775556997738
10883,5.1150347119534305e-05
10884,0.0005793892125434264
10885,0.9946554690373274
10886,0.9436333681376293
10887,4.6106650816238475e-05
10888,0.9714416664906312
10889,0.9623957119830604
10890,0.9688686916387528
10891,0.9863502891311766
10892,0.9911027077405852
10893,0.19579198649095464
10894,0.986384745160592
10895,0.9841229045038655
10896,0.9982493118150609
10897,0.9978729338391246
10898,0.0002013103080689108
10899,0.004663462127811919
10900,0.997234858227994
10901,0.9435022399205554
10902,0.9801574474450995
10903,8.446179345565142e-05
10904,0.9952288073749805
10905,0.9958668204069547
10906,0.9960170816730676
10907,0.0038026059611519776
10908,0.0006375922726875069
10909,0.04972928593175399
10910,0.00011246497838090284
10911,0.9903182815521557
10912,0.9945737512739764
10913,0.9946885620955183
10914,0.00020451474270598806
10915,0.9932227525830529
10916,0.005164720720357607
10917,0.9908223976118822
10918,0.9858557661628268
10919,0.0003935161019590021
10920,0.9859211869794684
10921,0.9773264604686014
10922,0.9222290970264916
10923,0.8455376096304886
10924,0.9883783927185046
10925,0.9992340944908011
10926,0.0001407768912287577
10927,8.275086389434344e-05
10928,0.007936795385842929
10929,0.9921087139286061
10930,0.9672961776677519
10931,0.0049890811747335005
10932,0.9935080287895506
10933,0.9906318474576357
10934,0.986271525692589
10935,0.9023360789134612
10936,0.002170223494776815
10937,0.00024223373593737683
10938,0.33853686000287464
10939,0.995421523335557
10940,0.9726725795891605
10941,9.184773473375282e-05
10942,3.214789643709139e-05
10943,0.000262472247409265
10944,0.00020274756156815475
10945,0.0028996981557287077
10946,0.9774560330071019
10947,0.9979408803740285
10948,0.004331026585410459
10949,0.9956408199151073
10950,0.00011794787867064877
10951,0.0006223413709704371
10952,0.9937607759162518
10953,0.00010023651266111958
10954,0.9929299202397159
10955,6.19561645481513e-05
10956,5.917928260249072e-05
10957,4.1751392034803126e-05
10958,3.988005404522851e-05
10959,9.07167302283705e-05
10960,0.9907924970226347
10961,0.9792454335444497
10962,0.00023245106514249342
10963,0.00011401548519818076
10964,0.002184226663444159
10965,3.850926560617211e-05
10966,0.9974563053633573
10967,0.9845373392456968
10968,0.00014646086520777492
10969,0.9767126811996348
10970,0.0007637727443168716
10971,0.002632421138522375
10972,0.0017973277721278146
10973,0.9947254300198698
10974,0.0018748569580549314
10975,0.9754094579481642
10976,0.9935854597471232
10977,0.9879427625881
10978,0.9650670223149924
10979,0.901403683781978
10980,0.00021489489610548903
10981,0.004782649769034979
10982,0.9968115560652105
10983,0.9969979666592608
10984,0.00025824318803695576
10985,1.9902121921595846e-05
10986,0.9981079964410307
10987,0.9982627189793125
10988,0.004256488800827801
10989,0.00017835310192590635
10990,0.001388858498543942
10991,0.00014040838299355453
10992,1.9948392284494005e-05
10993,0.9927338240475901
10994,9.23600056120234e-05
10995,0.0009123207928224382
10996,0.9916993247662315
10997,0.04193873168141284
10998,0.9961959418749768
10999,0.9900636272651995
11000,4.857075597753058e-05
11001,0.9853732058843343
11002,0.9911674234097374
11003,0.0002062150425029595
11004,0.9903329135159744
11005,0.9571633615811798
11006,0.0003882264089400342
11007,0.9960248950832389
11008,3.4387018008398336e-05
11009,0.9968932741960705
11010,0.9989860899784955
11011,0.9735602503733892
11012,0.9003482260063373
11013,0.0007693335889957902
11014,0.9802533817152775
11015,0.0044243227437276034
11016,0.00027576270800301194
11017,0.9827053533192908
11018,0.0016398903484918601
11019,0.9956183140072097
11020,5.605645896800516e-05
11021,0.9672567930255822
11022,0.9964712076057091
11023,0.004053922754983754
11024,0.00019860586695495946
11025,0.9945578475265245
11026,0.994532579598247
11027,0.03884641818554787
11028,0.000662440648830663
11029,0.9884319298830084
11030,0.9888888528507641
11031,0.9896035714684686
11032,0.9765567684124647
11033,0.9975647910585038
11034,1.5792825203138068e-05
11035,2.0621734044400016e-05
11036,0.9769904802698743
11037,0.8806747178746044
11038,0.9877538708408546
11039,0.9905273557997075
11040,0.0011550662430905142
11041,0.9922797834104554
11042,0.00016809242644865262
11043,0.9967415576072629
11044,0.0006978718401810721
11045,6.476827228772998e-05
11046,0.96930412931964
11047,0.9953973666883987
11048,0.9887793842121312
11049,0.9590130552852902
11050,0.9980850696172896
11051,0.9274610260561285
11052,8.447604326884098e-05
11053,0.0005029260227173002
11054,0.0034234549172785537
11055,0.005916590036643992
11056,0.00020217280874047983
11057,0.0031462828683670244
11058,0.000185336385602166
11059,5.842595945489287e-05
11060,0.004274161843935929
11061,0.01418294318112813
11062,0.0003917323485569468
11063,0.9981612357494439
11064,0.9982910430754623
11065,0.9917751019911899
11066,0.9772213923445926
11067,0.9869573937875697
11068,0.9770423855680607
11069,0.0001274054658588808
11070,0.0016685945835849757
11071,0.0008353579682563371
11072,0.95334421897278
11073,0.9903457006240477
11074,0.002736767636432262
11075,0.0003125709244856237
11076,0.9896099097190995
11077,0.9982012351162266
11078,0.000649125834490013
11079,0.006177153576026053
11080,0.9988174671374535
11081,0.9440266757632672
11082,0.00030415301482566553
11083,0.00020682372038032806
11084,0.00044012301941252893
11085,0.9933433876366666
11086,0.9981341975117055
11087,0.9975473425686848
11088,0.00010592871777025196
11089,0.00011577118713362218
11090,4.613300506151182e-05
11091,0.9927188408746898
11092,0.9856407446379437
11093,0.9651499040050434
11094,0.0008976123804892683
11095,0.9978836891219494
11096,0.9979643023612795
11097,0.0002685570435520574
11098,5.384092250575725e-05
11099,0.0021497877877529694
11100,0.002786014791837801
11101,0.0016618384194089374
11102,0.9740664794067472
11103,0.975064378203766
11104,0.9619082120806738
11105,0.0002689259897746119
11106,5.818668299146535e-05
11107,0.0002892524673328004
11108,0.9939062145935864
11109,0.9270428089296636
11110,0.9963136791022307
11222,0.9879399540490545
11223,0.996998152709092
11224,0.059954333927471404
11225,0.00015361795137192294
11226,0.9983167170801807
11227,1.3135613277590204e-05
11228,0.9938590034464316
11229,0.9973109446106808
11230,0.9965042430519295
11231,0.001066044003639158
11232,0.0006347583676046349
11233,0.9967319870554312
11234,0.996393700425474
11235,0.00015411534286622255
11236,0.9984827460719077
11237,0.002118331761282025
11238,0.9949294765609786
11239,0.07007966626720404
11240,0.00011224949231529876
11241,0.997684725887383
11242,0.9733156749885076
11243,0.00022253397177164326
11244,5.4393761675991436e-05
11245,0.979292093478014
11246,4.703821576675603e-05
11247,0.00048079451750471583
11248,0.9901845745121656
11249,0.9907154201260011
11250,2.0756171197611083e-05
11251,0.9833010201892979
11252,0.0002382015270601574
11253,0.9839952176801746
11254,0.0026072033632748084
11255,0.9946091700493354
11256,0.9953756569435411
11257,0.00013772864356507118
11258,7.563966833391473e-05
11259,0.9864327294029065
11260,0.9951641631777527
11261,0.0008421825306403936
11262,0.9981345938393139
11263,0.9966705402859721
11264,0.003728899839933187
11265,0.0010250948873904305
11266,2.391388264047469e-05
11267,0.9891652151178949
11268,0.0019241542896417574
11269,2.211331272596817e-05
11270,0.00031261089041310843
11271,0.00025029394241648156
11272,0.00524420895957608
11273,0.9756758417973358
11274,0.9882780411379778
11275,0.9916248965116229
11276,0.997893855849398
11277,0.997616115992718
11278,0.0004011214420563103
11279,3.23825512966615e-05
11280,0.010836482530830999
11281,0.019478867868798072
11282,0.9986672353837268
11283,0.0007545831545901594
11284,0.0013448996886245574
11285,0.003680201985714149
11286,2.5275332715623388e-05
11287,0.9978817585805942
11288,0.99452052121454
11289,0.0004440605198989151
11290,0.0024415462299368844
11291,8.15885047066803e-05
11292,4.905820872065629e-05
11293,0.9883271553490764
11294,0.0009873273448980664
11295,0.998860560315605
11296,0.00013879826282965033
11297,3.0137986822418668e-05
11298,0.00045159023484299176
11299,0.9900820339899077
11300,0.9966857299788661
11301,0.0028283677624207646
11302,0.9662626730372718
11303,0.9904437283905615
11304,0.997522345638026
11305,5.394325051784996e-05
11306,5.4578485031632566e-05
11307,9.73112632246592e-05
11308,0.9933386392370049
11309,0.994115359812052
11310,0.9869167735445259
11311,0.014621473661579905
11312,0.004724334638134104
11313,0.00034004393770508155
11314,0.000534213815962873
11315,0.854498967093992
11316,0.996244935631239
11317,0.00012168438620800817
11318,0.984053700428379
11319,0.9957670577084005
11320,0.9689173773162758
11321,0.9870501185669553
11322,0.9895720230600551
11323,0.00831929234188313
11324,0.9982870115000583
11325,0.0024596887288487372
11326,0.00017532254653884679
11327,0.0002913224538217567
11328,0.9748848048827363
11329,5.9541217490531516e-05
11330,9.700305993549974e-05
11331,0.001747972776354305
11332,0.9760773012872604
11333,0.9855934920155517
11334,0.9744924060097839
11335,0.9953920576292541
11336,0.0009671436562846337
11337,0.9959029553994146
11338,0.9714586982818942
11339,0.004143506177643895
11340,0.0019480597852983004
11341,4.185015792688132e-05
11342,0.9985228034538383
11343,0.9946914277837923
11344,0.9831897602657159
11345,0.9988888996119069
11346,1.656240373993331e-05
11347,0.0035180816129736607
11348,0.9894276397473826
11349,0.7559502607941578
11350,0.00038070243938178206
11351,6.827143303285503e-05
11352,0.992266744844698
11353,0.022242077742469855
11354,7.320968704989354e-05
11355,0.0001632635131515491
11356,0.9877039136795417
11357,0.9944336007500082
11358,4.9480669320698455e-05
11359,2.6508571614496104e-05
11360,0.00021663908877544806
11361,0.9966860196432367
11362,0.9927784780527185
11363,0.0001194328086259816
11364,2.8753577334925696e-05
11365,0.9981645628472893
11366,0.9956051580425352
11367,0.000305584109457614
11368,0.9899839915295285
11369,0.00019228190206241997
11370,0.9824829120046862
11371,0.013682744526434015
11372,0.9980009924618435
11373,8.489480096146967e-05
11374,0.9957432883416176
11375,0.9955236434890524
11376,0.7917614666969931
11377,0.000540260703527204
11378,0.00040045212193119776
11379,0.006526782428103424
11380,0.9951623170760376
11381,0.987933768622057
11382,0.9369896213817954
11383,0.9744424693044407
11384,0.9728789024493272
11385,6.377683494008163e-05
11386,0.9696284191829158
11387,3.9032992814034565e-05
11388,0.9913363056496942
11389,0.00256022295893135
11390,0.00019065140399712822
11391,0.00019065140399712822
11392,0.00019071098394914031
11393,0.001719456644507657
11394,0.9932409666943751
11395,0.008424611128025823
11396,0.9837756676884272
11397,0.00019653577443010418
11398,0.9982935042378702
11399,0.9939829549335615
11400,0.9960834649793779
11401,0.0007214311085521734
11402,0.0005319058496827679
11403,0.831096564312679
11404,0.0001385961089222246
11405,0.00010414159395025088
11406,0.00031403795978998325
11407,0.028639078988580036
11408,0.021841536827323784
11409,7.353172002381375e-05
11410,0.0009397768637679014
11411,0.0014586174320189872
11412,0.9901126901365578
11413,0.9572162645931894
11414,0.9948631973985944
11415,0.00010829589077640348
11416,0.004001001010711187
11417,0.9468268849732991
11418,0.9940487260671981
11419,0.9913580520401012
11420,0.9943936480708917
11421,0.01089612955155817
11422,0.0018209284738051094
11423,0.002350924335009559
11424,0.998780739491654
11425,0.995426078042417
11426,0.9982641829912705
11427,0.9980277040629343
11428,0.0018858128697593491
11429,0.000952559731156828
11430,0.0004927787403800533
11431,0.0007669551591463226
11432,0.0007669551591463226
11433,0.0030874992959253416
11434,0.002824708214030592
11435,0.9819512309075719
11436,7.702517776062046e-05
11437,0.04670431903150025
11438,0.000634794900057995
11439,0.9894150190776911
11440,0.9921322716337799
11441,0.023205142268555228
11442,4.676213526055538e-05
11443,0.004459949280439013
11444,0.003951965554448421
11445,0.9918495260831713
11446,0.9926558912428911
11447,0.0003789220126760586
11448,0.0007562399531830588
11449,0.0005718655485823311
11450,0.001395519853941311
11451,0.0018766404153168486
11452,0.0013579364500598409
11453,0.0005832912688661559
11454,0.002924961751817672
11455,0.0018922078312952502
11456,0.9800828504281168
11457,0.002013924851620177
11458,7.540233245837598e-05
11459,9.982779909395064e-05
11460,4.989323312405832e-05
11461,0.0015828354568529735
11462,0.0032275867440146695
11463,0.000912408824393968
11464,0.0029494197146363145
11465,0.009579906560692854
11466,0.01549036038341971
11467,0.004604371033325766
11468,0.013743368055894163
11469,0.0017514013598753622
11470,0.0027608291785968537
11471,0.004179876170288492
11472,0.6828973648887835
11473,0.9974886783332964
11474,0.682721611174665
11475,0.9406939518915651
11476,0.003405551432732465
11477,0.9903954546817146
11478,0.9949731064263773
11479,0.0002930943228241661
11480,0.00010641104794575924
11481,3.2209600967733974e-05
11482,2.1827544063288785e-05
11483,0.004816920038446893
11484,4.7533108426979316e-05
11485,6.440218928000973e-05
11486,6.606596068449342e-05
11487,2.2273397122930824e-05
11488,0.9637862029750106
11489,0.9983989218021406
11490,0.9972229109312826
11491,0.974176080002969
11492,0.8806606541579254
11493,0.8613622660290833
11494,6.72878967159504e-05
11495,0.7126055068653774
11496,0.0002475927960297997
11497,0.004077776976967876
11498,3.2922019627405855e-05
11499,0.003030283686362322
11500,0.038574550184635036
11501,0.9933244148026017
11502,0.9969487050779492
11503,0.006771882499627436
11504,0.9941488011941997
11505,0.9693141751288433
11506,0.9857190148614627
11507,0.0001935954613768826
11508,0.9658542928327241
11509,0.9939229016947602
11510,0.9914563094061257
11511,0.9980676223396024
11512,0.9981510318321459
11513,0.9941488266366341
11514,0.9787836203578881
11515,0.00011520968244996054
11516,0.0019807469291932625
11517,0.0039241517456697255
11518,0.0002433727015757759
11519,0.997783171216764
11520,0.012510580753201406
11521,0.9955929858717592
11522,0.9805580759165924
11523,0.00014705549671514497
11524,0.9607519363414111
11525,0.9646139084616918
11526,0.9721379465780717
11527,0.9672467699245798
11528,0.9738612113370271
11529,0.014758345805312068
11530,6.963788497437012e-05
11531,0.001946505091898789
11532,0.029452742588472077
11533,0.8571413300594614
11534,0.000364350093198732
11535,0.9719061895887793
11536,0.0024789007212769163
11537,0.0008748736065302085
11538,0.00019594157615283897
11539,0.9482505802072927
11540,0.9960332488973771
11541,0.00027770836949813683
11542,0.9778335329617668
11543,0.735578594291256
11544,0.9924875676020646
11545,0.002220500813258997
11546,0.0094741385865139
11547,0.0034362334712100353
11548,0.005135634284140519
11549,0.019141817185785455
11550,0.00035213581525810777
11551,0.0001420586774837598
11552,0.000354601119898862
11553,3.158904568240237e-05
11554,0.000354601119898862
11555,6.72075939577438e-05
11556,0.0001596517576203921
11557,0.9910890796652227
11558,0.0009989009298100803
11559,0.0016973400232625946
11560,0.0022873012564537444
11561,8.22599329351891e-05
11562,0.0002513160236131232
11563,0.9673565439420907
11564,0.977776929279041
11565,0.9904584102297544
11566,0.9674873752793468
11567,0.9473584591107765
11568,0.9907951011269858
11569,0.94788439543844
11570,0.0009385059722259027
11571,0.0010300476885324926
11572,0.0004366840981920868
11573,0.0012326127388164712
11574,0.0007465260081570112
11575,0.9900521001634804
11576,0.0012114054190139336
11577,0.00030243198598298404
11578,0.0008467835753606376
11579,0.001334171140806099
11580,0.9937731738663649
11581,0.9901048895378874
11582,0.9061547217807737
11583,0.9798373530862089
11584,0.9752787386248802
11585,0.9878153320133283
11586,0.519035323733394
11587,0.988178784455162
11588,0.9943416484605863
11589,0.9958302824445113
11590,0.0018462473167941559
11591,0.0003548939483846565
11592,0.0005991058974686974
11594,0.9583520085108654
11595,0.9826928814337826
11596,0.9884073523245097
11597,0.9882537790427552
11598,0.9980992570729588
11599,0.9980135165982312
11600,0.00023019082167762453
11601,0.9918736790060102
11602,0.9866826397994988
11603,0.00015164168206271088
11604,0.0014042804394936135
11605,0.0002827730981596598
11606,0.0012532551954966141
11607,0.0013412401299268655
11608,0.00023805281101259
11609,0.00010684638954123844
11610,0.000257292264512737
11611,0.1534268415494729
11612,0.6553053157731008
11613,0.9823089654673405
11614,0.9958879839900768
11615,0.9490027505658482
11616,0.9418390516261965
11617,0.9535786561546562
11618,0.0010097288643952816
11619,5.467963854585865e-05
11620,0.972739076271167
11621,0.0002515453469065658
11622,8.734829803710361e-05
11623,9.678997443800107e-05
11624,0.9979470850390738
11625,0.0035767977273260237
11626,0.8133238853315385
11627,0.9870136005532528
11628,0.9794700506900867
11629,0.9844071139054869
11630,0.013901542085112866
11631,0.975816502614317
11632,0.6412360374188415
11633,0.0010010866673128048
11634,5.005371786460125e-05
11635,8.29109577791326e-05
11636,0.8840969989887968
11637,0.00016574405889153038
11638,0.9857843035178045
11639,6.22561411843588e-05
11640,0.9883521095509362
11641,0.9803511902278491
11642,2.875342299372524e-05
11643,0.9908594172252331
11644,0.9812061525898585
11645,0.9858555719470699
11646,0.9622041000445728
11647,0.00011679122836229441
11648,0.09266384370614222
11649,0.9916228879573401
11650,0.9611354390974136
11651,0.012326413733291698
11652,0.9894374219004477
11653,0.9948502561062682
11654,0.9971804443714287
11655,0.9962377237797369
11656,0.9560720228539512
11657,0.03095863814290876
11658,0.9962154778580254
11659,0.996052019482759
11660,0.0005205743470002021
11661,0.9990945449613395
11662,0.9736666444632711
11663,0.995062774386321
11664,5.882184883648554e-05
11665,0.0018071543571318513
11666,0.004069242276214851
11668,6.263808025677751e-05
11669,9.217008205911222e-05
11670,0.9866461868157137
11671,0.9851698957730479
11672,0.9437123042918001
11673,0.0014025569602962413
11674,0.00412954791181715
11675,0.002498908916109225
11676,0.0031013515481417803
11677,0.0004039371563336245
11678,0.0004039371563336245
11679,0.0001663915916582638
11680,0.000170455087897578
11681,0.8677940203257913
11682,2.538636296322293e-05
11683,3.932568941277441e-05
11684,8.642091479509183e-05
11685,0.00025603027828599676
11686,7.945479701439391e-05
11687,0.00039395346299981346
11688,0.0006796590094005312
11689,0.00016839200915330768
11690,8.546265494216236e-05
11691,0.0001595458163667066
11692,0.0024421589219867103
11693,4.614257755475475e-05
11694,0.0002595692501459056
11695,0.0013643728798080124
11696,0.9910669936831727
11697,0.9879194029300804
11698,3.385780978891638e-05
11699,0.0012368682906203328
11700,0.9955758640974938
11701,0.008149204234257083
11702,0.9937957202512302
11703,0.00013068333178540921
11704,6.100225717976855e-05
11705,0.9840800727069848
11706,6.66308096970294e-05
11707,0.9962613764419835
11708,0.9936932101127216
11709,0.9569165558896444
11710,0.891342068185558
11711,0.8402932388356769
11712,0.9714319587358478
11713,0.9796322767815093
11714,0.0003746490729644831
11715,0.00013054305059014077
11716,0.00020857247766003644
11717,0.9813652931046368
11718,0.00019729260945191768
11719,0.8109664929266841
11720,0.8091809022796934
11721,0.990260422170921
11722,0.9916014001429754
11723,0.9927505099555619
11724,0.0022295238967571618
11725,0.9868132336398701
11726,0.8696303429108053
11727,0.9935710511734914
11728,0.9966911591518719
11729,0.9572109371937981
11730,0.9745827270847731
11731,0.9823659103294562
11732,0.005063250535444081
11733,0.06862668009962183
11734,0.9808053907078145
11735,0.9747214546538103
11736,0.9983585180454134
11737,0.9712203416014242
11738,0.002645088537413949
11739,0.0011002994344669283
11740,0.0003472568968168575
11741,0.021402736718555873
11742,0.007005173852986872
11743,0.0012524127126126593
11744,0.0033578521793402876
11745,0.00395712144497102
11746,0.0028693638081219307
11747,0.9928339563070734
11748,9.41497570085414e-05
11749,0.0034300851486923525
11750,0.9907718233056074
11751,0.978799002942091
11752,0.8803389554906609
11753,0.8875973412734287
11754,0.0014035802214302701
11755,0.985590423234453
11756,0.003688556038871074
11757,0.0004381630527079427
11758,0.0006163386520242783
11759,0.9653198183712844
11760,0.9829219436088524
11761,0.014383090335346427
11762,0.00024007948699296112
11763,0.9937609936203253
11764,0.9923565791914902
11765,0.0037664898414209707
11766,0.9967651574238849
11767,0.0005324148116031336
11768,0.9944909795049023
11769,0.9931379714535062
11770,0.982937435793804
11771,0.9916759423457656
11772,0.0012295441781738994
11773,0.9900146736443405
11774,0.9757741375442825
11775,0.9765704529617608
11776,0.9690305554316261
11777,0.9733376041887297
11778,0.9656131958012596
11779,7.865433208628933e-05
11780,0.972725997734583
11781,0.9855879551898467
11782,0.990697650941419
11783,0.98793925130689
11784,5.582314617375672e-05
11785,0.9712487969678617
11786,0.0002309621433488133
11787,0.982592993689081
11788,0.00304765912321629
11789,0.012232366447360225
11790,0.9658513440848399
11791,0.004534920394833486
11792,0.00122602443293094
11793,8.871952770500076e-06
11794,0.9788430750195989
11795,0.9704526707771642
11796,0.954271575303508
11797,0.9890151716407479
11798,0.009351957480670012
11799,0.9815047140850041
11800,0.9471283594394994
11801,0.9893864572102327
11802,0.9808440262418596
11803,0.9941204818900222
11804,0.9847768097142483
11805,0.9696340994178718
11806,0.9818288313084846
11807,0.9854971243767974
11808,2.6977396553222943e-05
11809,0.0009508331612412864
11810,0.0010843464808289998
11811,0.029539340222870036
11812,0.0015217575124525967
11813,0.000208305305025668
11814,0.9951989883459366
11815,0.009234474668469408
11816,0.0002720688310167795
11817,0.994179385565897
11818,0.00019789352632800024
11819,0.9948054509223859
11820,0.995169589978423
11821,0.056566237655373115
11822,0.9948593336115178
11823,0.00026439598258218186
11824,0.9925356967116862
11825,3.0559954751599446e-05
11826,0.9606063526035493
11827,0.9495975527356578
11828,0.0061648932060894565
11829,0.9919610893124072
11830,0.9988011457763469
11831,0.9384747103540223
11832,0.9874597832347436
11833,0.98688172336311
11834,4.340079372231914e-05
11835,0.9851643197114712
11836,0.9859076167454497
11837,0.9875801848512372
11838,0.9869271926413766
11839,0.9819841381994903
11840,0.9821848130380905
11841,6.281157704710711e-05
11842,0.00011590749299696985
11843,0.0015587789695528556
11844,0.9846404258652891
11845,0.9842321516244941
11846,0.9867864344126982
11847,0.9867864344126982
11848,0.9867864344126982
11849,0.9865066076134902
11850,0.9865066076134902
11851,0.9865066076134902
11852,0.9821632974941499
11853,0.9795660104876199
11854,0.9755147562023947
11855,0.9785453769199579
11856,5.2925568908226334e-05
11857,3.883376212635018e-05
11858,0.9943674593334926
11859,6.585873993693867e-05
11860,0.9864690038966547
11861,0.0005900136445691654
11862,0.9977025043725336
11863,0.9961804245478556
11864,0.9728316821473306
11865,0.9453732543535829
11866,0.872479797627873
11867,0.8682932589686917
11868,0.9786555136507563
11869,0.9953722340291334
11870,0.006410847318129159
11871,0.930931623423141
11872,0.9945893757234738
11873,0.9961617315419348
11874,0.9950087260586961
11875,3.386768478162105e-05
11876,0.0006956615139598289
11877,0.9758812241931132
11878,0.00031332715508441923
11879,0.9714390455622188
11880,0.0018234596192094634
11881,0.0012190777100513552
11882,0.0006465213572783637
11883,0.00013915046079224783
11884,0.9524440446295068
11885,0.8421291442053339
11886,0.9868948825168526
11887,0.9922844025671562
11888,0.9827406400959563
11889,9.987336632988332e-05
11890,0.9987898685853482
11891,0.83722052163016
11892,0.83722052163016
11893,0.83722052163016
11894,0.8405527253049109
11895,0.00010184541874038559
11896,0.9939797887179428
11897,0.9961185579276983
11898,0.010889688885911937
11899,0.9784960848228672
11900,0.9788937110652091
11901,0.9828809006082131
11902,0.9922173192622809
11903,0.9739626229197041
11904,0.959189438465015
11905,0.9441865234829957
11906,0.9502238294394328
11907,0.9433246133353892
11908,0.9611289352877506
11909,0.9571255837352927
11910,0.9503800609294143
11911,0.00385644822866091
11912,0.9880148786435647
11913,0.995119420998256
11914,0.993398578750226
11915,0.9907043561999395
11916,0.9911856367175566
11917,7.381443257799423e-05
11918,0.9932134826559748
11919,0.9842678475468258
11920,0.9898044509164938
11921,0.998242588236877
11922,0.9689906149784602
11923,0.9951538041703367
11924,0.04046724898837185
11925,0.0026346974565472493
11926,0.8416473501923089
11927,0.003963471013989238
11928,0.9657863072320951
11929,0.9794909988189923
11930,0.9585405950959146
11931,0.0005057902185708922
11932,0.9840925378288178
11933,0.9266904599486467
11934,7.598243143115189e-05
11935,0.0048706933895248635
11936,0.968721986352401
11937,0.9907240834835009
11938,0.9955422628704588
11939,0.9932318307584445
11940,0.001129934830588987
11941,0.9922210740771302
11942,5.6968837234489434e-05
11943,0.0008734152005457058
11944,0.9873810352262002
11945,0.0008823967866452051
11946,0.00017596504229788464
11947,0.0005000033535946653
11948,0.0003074205098435444
11949,0.001443156518185268
11950,0.000673835625116338
11951,0.0006904305952661207
11952,0.9936854799112668
11953,0.9841811288862173
11954,0.9903431588321969
11955,0.9721621609248184
11956,0.0007820613694477816
11957,0.7531896979559447
11958,0.00021538788518891478
11959,0.9733286894724182
11960,0.00475521991370936
11961,0.00034051175252145703
11962,0.9960008792098973
11963,0.9963071268614379
11964,0.9957726185516744
11965,0.987871025836573
11966,0.9898079001981862
11967,0.9881617794331844
11968,0.9977386432019887
11969,0.010284232009993764
11970,0.9929345063118322
11971,0.0002477050289737359
11972,0.9928030559425944
11973,0.9397274554990902
11974,0.952296847315748
11975,0.9880445902462219
11976,0.9864296293941482
11977,0.9882453879743488
11978,0.9942490384347897
11979,0.014217179579375367
11980,0.9967512948995628
11981,0.9612515687135154
11982,0.9893095711440756
11983,5.360197846318567e-05
11984,0.00010725440536458225
11985,0.9965557019346629
11986,0.974256744480909
11987,0.0005008350291709626
11988,0.0008015635366718926
11989,0.8803986914799188
11990,0.9875054628006874
11991,0.9943715280965776
11992,0.9945832268779382
11993,0.9910932886934575
11994,0.9887856831732832
11995,0.00034308970698938797
11996,0.004731633627586767
11997,0.9905611682535393
11998,0.9327672280979923
11999,0.9970480643788182
12000,0.9961596465743969
12001,0.003060866987109681
12002,0.0003861785018613617
12003,0.9972124765838122
12004,0.9978433639001287
12005,0.9977316767293063
12006,0.9868653348536952
12007,0.948389169223528
12008,0.94843812069024
12009,0.979956094152417
12010,0.9137563056544178
12011,0.9934259819225967
12012,0.009050229633490415
12013,0.9630643088891098
12014,0.9843122297413605
12015,0.9989380297471878
12016,0.0005856064752167206
12017,0.9940262552019021
12018,6.946449214329515e-05
12019,0.03548476167933637
12020,0.9881349540785597
12021,0.0008823519768955682
12022,1.5206066946216067e-05
12023,0.990992201618228
12024,0.9791299473172443
12025,5.024125958086757e-05
12026,0.9835856291017193
12027,0.00019107652757713287
12028,0.0010765424692837523
12029,0.9951928273067687
12030,0.9942168722141482
12031,0.003949746606821907
12032,0.9910808648822844
12033,0.00025965688932110215
12034,0.002123618828176638
12035,0.9892676902549911
12036,0.9747988006306991
12037,0.0023756458263261763
12038,0.9991700230645645
12039,0.9858163070496238
12040,0.9191768934452273
12041,0.9918293268987091
12042,0.0001899876525947815
12043,0.9957394646733132
12044,0.016105219361378265
12045,0.015791855488669217
12046,0.016105219361378265
12047,0.996252433098223
12048,0.9762575452602112
12049,0.0223232209381315
12050,0.003928359523937467
12051,7.250379333412698e-05
12052,5.132301164765741e-05
12053,0.0002430262828448035
12054,0.0004829906084619422
12055,0.9842541620193499
12056,4.9166991023738756e-05
12057,0.9107221615539272
12058,0.9430240270887753
12059,0.00022201828884553374
12060,0.9891435968247194
12061,0.9865836244042968
12062,0.9939386178076985
12063,0.9967706376429594
12064,0.002893357205329438
12065,0.03815600594511044
12066,0.9822262849768638
12067,0.9964861467529472
12068,0.9964861467529472
12069,0.9822262849768638
12070,0.0003774182002577009
12071,0.00011012059809434271
12072,0.001095340791750928
12073,0.98529265209275
12074,0.9324065768473504
12075,0.9894222513932753
12076,0.9977448159804918
12077,0.9933751557262679
12078,0.9855602191298182
12079,0.007291884848270025
12080,0.9813144146229291
12081,0.9971512599195119
12082,0.9924897105671012
12083,0.0035315002518723367
12084,0.0007540018771185635
12085,0.993673169571219
12086,0.0002229822236543771
12087,0.992086217759
12088,0.0023610874959746377
12089,0.004990368868313736
12090,0.0007814862341099165
12091,0.00029177327917214666
12092,0.0002158136448717201
12093,0.0010575116647257232
12094,0.9818194615806777
12095,0.9943533862702979
12096,0.0358538590589263
12097,0.05843589899140003
12098,0.9852761926181826
12099,0.0037254469323483963
12100,0.0045154444758599135
12101,0.9566698596337486
12102,0.9871264477189376
12103,0.9630516389956185
12104,0.0002815271383433093
12105,0.9837701018179197
12106,0.013335810035553359
12107,0.06510585639463418
12108,0.07591296833248304
12109,0.07650546260845109
12110,0.07745079653768275
12111,0.9975268185143724
12112,0.07697905595013911
12113,0.8130062783228291
12114,0.9975805758780638
12115,0.9310734883644669
12116,0.98427834696906
12117,0.9793699536638268
12118,0.9950346932282979
12119,0.002092512268491101
12120,0.006167572931003697
12121,0.9976409949324241
12122,0.9792855932713389
12123,0.972328256303088
12124,0.974852166398134
12125,0.9741932131535956
12126,0.9902036869218637
12127,0.9934850601867474
12128,0.9760165502232768
12129,0.9858555207156198
12130,0.9979317579529305
12131,0.021872707314448375
12132,0.9942472909668187
12133,0.26150189352375847
12134,0.07714284406425816
12135,0.073247519178108
12136,0.9932398888418132
12137,0.000785872390970901
12138,0.9956762678675339
12139,3.39612459651184e-05
12140,0.00033965025054106266
12141,0.947147007491692
12142,0.996857079939483
12143,0.9976497682367592
12144,0.9980204859278439
12145,0.9935021783623441
12146,0.997184992423216
12147,0.997184992423216
12148,0.036805008037835506
12149,0.042313050853727545
12150,0.048991335010084736
12151,0.03735846280379071
12152,0.03332952356995477
12153,0.01151192272796613
12154,0.0010872726478014464
12155,0.006327882725632639
12156,0.9789477234709775
12157,0.0009849027582296223
12158,0.004832162790962624
12159,0.003556169489691274
12160,0.0012172194811558448
12161,0.9952204030445548
12162,0.9941609637825729
12163,0.9943063103161215
12164,0.000232232257685343
12165,0.002459538811688279
12166,0.00029000824342794145
12167,0.9948065261193538
12168,0.004085086774206434
12169,0.9923937342529002
12170,0.9950743093210312
12171,0.9901693260329372
12172,0.0010462143363996362
12173,0.0018338038501079618
12174,0.1058160775516567
12175,0.9922527205987407
12176,0.0018506394051723014
12177,0.8762889864488539
12178,0.0013258099644559396
12179,0.0016114971499175705
12180,0.0007267642436118243
12181,0.0008942220153201302
12182,0.9995522003688372
12183,0.9878963841165224
12184,0.007122987155764801
12185,0.00019731192189813068
12186,0.9853584728267668
12187,0.9949488161536892
12188,0.9886482791134115
12189,0.9957816825795978
12190,0.0011925082279513623
12191,0.02695638377717502
12192,0.0006660180905877924
12193,0.02664365158122073
12194,0.00010345086705096344
12195,0.11135462318815803
12196,0.11447712481457824
12197,0.11447712481457824
12198,0.11447712481457824
12199,0.11447712481457824
12200,0.12797030176626542
12201,0.1474866881669793
12202,0.11303300393358749
12203,0.11340090527690598
12204,0.11340090527690598
12205,0.15871210944337874
12206,0.11159060765367959
12207,0.11447712481457824
12208,0.11447712481457824
12209,0.17712365777106415
12210,0.0010049024705399412
12211,0.99022665714028
12212,0.9838747929910324
12213,0.007599544617561868
12214,0.9830727568595414
12215,0.9540654989172944
12216,0.9912774979365304
12217,0.9949321904291146
12218,0.0077413788285052385
12219,0.9686989559830828
12220,0.0021277172552545496
12221,0.9961194044076658
12222,0.0006633126301258354
12223,0.9941727989268803
12224,0.9922910357625051
12225,0.99638510191683
12226,0.2111319570243176
12227,0.9909832812243096
12228,0.0014712012790559872
12229,0.9881538495456275
12230,0.002755911353365814
12231,0.9852332473524474
12232,0.004266077636930658
12233,0.0018697268653982719
12234,0.003668464859752298
12235,0.002364376315052449
12236,0.9926984312566973
12237,0.9636756438139855
12238,0.0002253470293534561
12239,0.9904435335801075
12240,0.005334894064138167
12241,0.009839866253681906
12242,0.814208014510815
12243,4.9164814109470435e-05
12244,0.025667018734693993
12245,0.9929137842939131
12246,0.9598849759199644
12247,0.9417660936077933
12248,0.9598733318293801
12249,0.9961668148977725
12250,0.9874091883380618
12251,0.9590403637979631
12252,0.0015141505062959075
12253,0.0004056384144588994
12254,0.9940782496981526
12255,0.0007942265788833964
12256,0.0012545269110017239
12257,0.9811065764217456
12258,0.9868684855163576
12259,0.0033834396407479393
12260,0.9978787729741847
12261,0.9719772713973962
12262,0.9964204029911912
12263,0.0012802883278504092
12264,0.013333197438830349
12265,0.0020935161772738815
12266,0.0024436644034603137
12267,0.001967140907874976
12268,0.0012716747898599682
12269,0.001962160916484075
12270,0.001816404582072797
12271,0.00796539590279423
12272,0.007034977032120216
12273,0.004452631256200784
12274,0.0019611341878684476
12275,0.0035789411582723253
12276,0.0023681847439114647
12277,0.9965128765335102
12278,0.9942656913570787
12279,0.9924019786478429
12280,0.9785820590722957
12281,0.0008400704657049628
12282,0.9974933386693339
12283,0.9875376866520604
12284,0.9481404869654634
12285,0.9040577246057111
12286,0.9644937438403514
12287,0.0007844276511945563
12288,0.0007725544744204278
12289,0.006425925611410482
12290,0.0016108891161629058
12291,0.004495299709150835
12292,0.016766329545315168
12293,0.9972094446899855
12294,0.9946515145945886
12295,0.00020449870386364316
12296,0.005202489636230141
12297,0.003371985361086816
12298,0.9963487352233497
12299,0.0004330402977465293
12300,0.9859498584651419
12301,0.9859800675181892
12302,0.9796002363777704
12303,0.9887609857619555
12304,0.9817754421774388
12305,0.002086295399832572
12306,3.018353741984113e-05
12307,0.9833860629257208
12308,0.9934779283375801
12309,0.009053696278844808
12310,0.990447892659917
12311,0.9722227657186826
12312,0.005107612629216202
12313,0.9786449290726633
12314,0.010999069984276065
12315,0.980525016553212
12316,0.0006396414185606057
12317,0.0013833454862014745
12318,0.023192736273310654
12319,0.09176995102376552
12320,0.002033663052453651
12321,0.0010784298419159915
12322,0.001061394947790917
12323,0.0010859331976661583
12324,0.0010813561720489759
12325,0.0012116226464526187
12326,0.004965183985561739
12327,0.0010632252119996083
12328,0.001086097361144816
12329,0.0011488760659346634
12330,0.0017312849477551576
12331,0.0014763697806397036
12332,0.001899039605702347
12333,0.0015527230464445194
12334,0.0016619822397883806
12335,0.0015141687935131052
12336,0.0017337990560323487
12337,0.0016469354959636878
12338,0.001584485442329927
12339,0.8690878697416442
12340,0.19814206056645947
12341,0.10664824242409168
12342,0.024275504256135012
12343,0.9943240853218577
12344,0.9896628834251169
12345,0.0016469354959636878
12346,0.001478613685855527
12347,0.0013919704522115512
12348,0.0015182209788919476
12349,0.001478613685855527
12350,0.0010827811007753515
12351,0.0009539291677735449
12352,0.9959948229595386
12353,0.9932358974257917
12354,0.0022521568854708667
12355,0.9922380916581243
12356,0.008731198333965622
12357,0.0014750638561489486
12358,0.004224971060307304
12359,0.0019223793531921837
12360,0.016613484588791996
12361,0.012619127743995553
12362,0.9855713848185653
12363,0.0014295786214580213
12364,0.9957887696589105
12365,0.9572074791375246
12366,0.91809390354918
12367,0.0048896080408776426
12368,0.0009662878286097714
